Antecedent,Consequent,Support,Confidence,Lift,Leverage,Conviction
Art,Storage,0.058261129369584705,0.26810265811182404,1.0127986418738995,0.0007362404520908569,1.004629048453002
Storage,Art,0.058261129369584705,0.22009029345372458,1.0127986418738995,0.0007362404520908569,1.0035661313938466
