Model,MAPE (%),MAE,RMSE,R2
Prophet,8.616235243435199,33960.7982777308,48177.91739091404,0.8376757807776323
Random Forest,17.638507831660103,71106.74211960983,87750.72237983599,0.46149631684950265
XGBoost,18.78810624861212,75468.53088541667,96598.97113889283,0.34742222470330886
ARIMA,19.3914059487473,75419.69937357582,89384.1868007481,0.441261414367622
